EMPL0001Webber,EMPL0001,Webber,,ADMINISTRATOR,0
EMPL0002Shepherd,EMPL0002,Shepherd,,ADMINISTRATOR,0
EMPL0003Hunt,EMPL0003,Hunt,,ADMINISTRATOR,0
EMPL0004Fournette,EMPL0004,Fournette,,ADMINISTRATOR,0
EMPL0005Harper,EMPL0005,Harper,,ADMINISTRATOR,0
EMPL0006Pepman,EMPL0006,Pepman,,ADMINISTRATOR,0
EMPL0007White,EMPL0007,White,,ADMINISTRATOR,0
EMPL0008Williams,EMPL0008,Williams,,ADMINISTRATOR,0
EMPL0009Robins,EMPL0009,Robins,,ADMINISTRATOR,0
EMPL0010Willson,EMPL0010,Willson,,ADMINISTRATOR,0
EMPL0011Warren,EMPL0011,Warren,,ADMINISTRATOR,0
EMPL0012Sciuto,EMPL0012,Sciuto,,ADMINISTRATOR,0
EMPL0013Lawrence,EMPL0013,Lawrence,,ADMINISTRATOR,0
EMPL0014Leary,EMPL0014,Leary,,ADMINISTRATOR,0
EMPL0015Woodham,EMPL0015,Woodham,,ADMINISTRATOR,0
EMPL0016Hashemi,EMPL0016,Hashemi,,ADMINISTRATOR,0
EMPL0017Kanda,EMPL0017,Kanda,,ADMINISTRATOR,0
EMPL0018Sanford,EMPL0018,Sanford,,ADMINISTRATOR,0
EMPL0019Granger,EMPL0019,Granger,,ADMINISTRATOR,0
EMPL0020Walsh,EMPL0020,Walsh,,ADMINISTRATOR,0
EMPL0021Garnet,EMPL0021,Garnet,,ADMINISTRATOR,0
EMPL0022Haynes,EMPL0022,Haynes,,ADMINISTRATOR,0
EMPL0023Deadman,EMPL0023,Deadman,,ADMINISTRATOR,0
EMPL0024Foster,EMPL0024,Foster,,ADMINISTRATOR,0
EMPL0025Evered,EMPL0025,Evered,,ADMINISTRATOR,0
EMPL0026Ayers,EMPL0026,Ayers,,ADMINISTRATOR,0
EMPL0027Constable,EMPL0027,Constable,,ADMINISTRATOR,0
EMPL0028Glover,EMPL0028,Glover,,ADMINISTRATOR,0
